file,caption,length,duration_seconds,size_mb,resolution,rotation,recorded_create_date,download_modified,device,video_file_id,video_url,audio_file,audio_format,audio_size_mb,audio_file_id,audio_url,has_video,has_audio,thumbnail,session_id,session_label,tags,youtube_playlist_id,youtube_playlist_url,youtube_video_id,youtube_url,drums,piano,guitar,bass,song_name,franchise,game_title,section_start,section_end
IMG_7799.MOV,Kirby gourmet race,14:16,856.4,906.5,1920 x 1080,180,2026-05-31 16:07:53,2026-05-31 21:39:21+09:00,Apple iPhone 14 Pro,12-GpyyJrgOj_zn1Hjh9_2AUVUcNviePL,https://drive.google.com/file/d/12-GpyyJrgOj_zn1Hjh9_2AUVUcNviePL/view?usp=drivesdk,IMG_7799.m4a,"AAC (.m4a), 320 kbps target, 48 kHz stereo",32.9,1248yjCdqedagurJcUKL1JksDu1U0euKl,https://drive.google.com/file/d/1248yjCdqedagurJcUKL1JksDu1U0euKl/view?usp=drivesdk,yes,yes,thumbs/IMG_7799.jpg,2026-05-31-shimokitazawa-first-vgm-session,2026-05-31 Shimokitazawa First VGM Session,VGM; rehearsal; Shimokitazawa; first session; 2026-05-31,PLNidgTuwwCkeqsoJaSDG-CKTvshOHnAtl,https://www.youtube.com/playlist?list=PLNidgTuwwCkeqsoJaSDG-CKTvshOHnAtl,S21LGCoQBxg,https://www.youtube.com/watch?v=S21LGCoQBxg,Jonathan,Owen,Cameron,"",Gourmet Race,Kirby,Kirby Super Star,"",""
IMG_7798.MOV,Bob omb battlefield?,4:04,243.7,259.8,1920 x 1080,180,2026-05-31 16:07:42,2026-05-31 21:35:16+09:00,Apple iPhone 14 Pro,1u6F-M6PoIZIkTFIMYeQsL_QqSMh6PSOD,https://drive.google.com/file/d/1u6F-M6PoIZIkTFIMYeQsL_QqSMh6PSOD/view?usp=drivesdk,IMG_7798.m4a,"AAC (.m4a), 320 kbps target, 48 kHz stereo",9.6,1hHXpL2XvvZBruledXwCtkcFtENgZ4QBc,https://drive.google.com/file/d/1hHXpL2XvvZBruledXwCtkcFtENgZ4QBc/view?usp=drivesdk,yes,yes,thumbs/IMG_7798.jpg,2026-05-31-shimokitazawa-first-vgm-session,2026-05-31 Shimokitazawa First VGM Session,VGM; rehearsal; Shimokitazawa; first session; 2026-05-31,PLNidgTuwwCkeqsoJaSDG-CKTvshOHnAtl,https://www.youtube.com/playlist?list=PLNidgTuwwCkeqsoJaSDG-CKTvshOHnAtl,Xi2uUWrd0O8,https://www.youtube.com/watch?v=Xi2uUWrd0O8,Jonathan,Owen,Cameron,"",Bob-omb Battlefield,Super Mario,Super Mario 64,"",""
IMG_7797.MOV,Splatoon?,2:32,152.1,162.5,1920 x 1080,180,2026-05-31 16:07:41,2026-05-31 21:32:43+09:00,Apple iPhone 14 Pro,1zgfHpUr9qhLyhHcJyLhkAeR_W_8d6vp4,https://drive.google.com/file/d/1zgfHpUr9qhLyhHcJyLhkAeR_W_8d6vp4/view?usp=drivesdk,IMG_7797.m4a,"AAC (.m4a), 320 kbps target, 48 kHz stereo",6.1,1t-gAFmmkVjbAcnVyjbFyEdB-7HxMe7Br,https://drive.google.com/file/d/1t-gAFmmkVjbAcnVyjbFyEdB-7HxMe7Br/view?usp=drivesdk,yes,yes,thumbs/IMG_7797.jpg,2026-05-31-shimokitazawa-first-vgm-session,2026-05-31 Shimokitazawa First VGM Session,VGM; rehearsal; Shimokitazawa; first session; 2026-05-31,PLNidgTuwwCkeqsoJaSDG-CKTvshOHnAtl,https://www.youtube.com/playlist?list=PLNidgTuwwCkeqsoJaSDG-CKTvshOHnAtl,qPYRIkPyd1I,https://www.youtube.com/watch?v=qPYRIkPyd1I,Jonathan,Owen,Cameron,"",Splatoon?,Splatoon,Splatoon,"",""
IMG_7796.MOV,Beneath the mask,9:48,587.6,623.1,1920 x 1080,180,2026-05-31 16:07:32,2026-05-31 21:21:21+09:00,Apple iPhone 14 Pro,1Q4fNe5kQNkJjwD0hHKIL1ujajWb8PdHN,https://drive.google.com/file/d/1Q4fNe5kQNkJjwD0hHKIL1ujajWb8PdHN/view?usp=drivesdk,IMG_7796.m4a,"AAC (.m4a), 320 kbps target, 48 kHz stereo",22.9,1RtDZ1FsUvYuMTdjKyvtIJLdpvKD_KRXD,https://drive.google.com/file/d/1RtDZ1FsUvYuMTdjKyvtIJLdpvKD_KRXD/view?usp=drivesdk,yes,yes,thumbs/IMG_7796.jpg,2026-05-31-shimokitazawa-first-vgm-session,2026-05-31 Shimokitazawa First VGM Session,VGM; rehearsal; Shimokitazawa; first session; 2026-05-31,PLNidgTuwwCkeqsoJaSDG-CKTvshOHnAtl,https://www.youtube.com/playlist?list=PLNidgTuwwCkeqsoJaSDG-CKTvshOHnAtl,VIHIOS4LW7c,https://www.youtube.com/watch?v=VIHIOS4LW7c,Jonathan,Owen,Cameron,"",Beneath the Mask,Persona,Persona 5,2:38,9:33
IMG_7795.MOV,no embedded caption found,0:27,26.8,28.7,1920 x 1080,90,2026-05-31 12:19:31,2026-05-31 21:19:31+09:00,Apple iPhone 14 Pro,"","",IMG_7795.m4a,"AAC (.m4a), 320 kbps target, 48 kHz stereo",1.0,1OTGX0HVEQG2m-gpjB5Js-Xvjkei8TQRp,https://drive.google.com/file/d/1OTGX0HVEQG2m-gpjB5Js-Xvjkei8TQRp/view?usp=drivesdk,no,yes,thumbs/IMG_7795.jpg,2026-05-31-shimokitazawa-first-vgm-session,2026-05-31 Shimokitazawa First VGM Session,VGM; rehearsal; Shimokitazawa; first session; 2026-05-31,PLNidgTuwwCkeqsoJaSDG-CKTvshOHnAtl,https://www.youtube.com/playlist?list=PLNidgTuwwCkeqsoJaSDG-CKTvshOHnAtl,"","",Jonathan,Owen,Cameron,"","","","","",""
IMG_7794.MOV,Megalovania,5:21,321.0,337.6,1920 x 1080,90,2026-05-31 16:07:29,2026-05-31 21:14:09+09:00,Apple iPhone 14 Pro,1D50v1bqzqLsTWksaLP4PtcGmIY-44_k4,https://drive.google.com/file/d/1D50v1bqzqLsTWksaLP4PtcGmIY-44_k4/view?usp=drivesdk,IMG_7794.m4a,"AAC (.m4a), 320 kbps target, 48 kHz stereo",13.0,1lu5T12_6HBRQWbPf_rgr8C3KC3PuFK2b,https://drive.google.com/file/d/1lu5T12_6HBRQWbPf_rgr8C3KC3PuFK2b/view?usp=drivesdk,yes,yes,thumbs/IMG_7794.jpg,2026-05-31-shimokitazawa-first-vgm-session,2026-05-31 Shimokitazawa First VGM Session,VGM; rehearsal; Shimokitazawa; first session; 2026-05-31,PLNidgTuwwCkeqsoJaSDG-CKTvshOHnAtl,https://www.youtube.com/playlist?list=PLNidgTuwwCkeqsoJaSDG-CKTvshOHnAtl,pv2YTk3XMoA,https://www.youtube.com/watch?v=pv2YTk3XMoA,Jonathan,Owen,Cameron,"",Megalovania,Undertale,Undertale,"",""
IMG_7793.MOV,Dragon roost island,5:57,356.6,375.6,1920 x 1080,90,2026-05-31 16:07:26,2026-05-31 20:58:09+09:00,Apple iPhone 14 Pro,1iOria9MLbQKZFnn5PqK-XXKSz8DgQAKn,https://drive.google.com/file/d/1iOria9MLbQKZFnn5PqK-XXKSz8DgQAKn/view?usp=drivesdk,IMG_7793.m4a,"AAC (.m4a), 320 kbps target, 48 kHz stereo",13.9,1cBpcBopGl2yvx2yPy5RtH8HFlYJQw_z7,https://drive.google.com/file/d/1cBpcBopGl2yvx2yPy5RtH8HFlYJQw_z7/view?usp=drivesdk,yes,yes,thumbs/IMG_7793.jpg,2026-05-31-shimokitazawa-first-vgm-session,2026-05-31 Shimokitazawa First VGM Session,VGM; rehearsal; Shimokitazawa; first session; 2026-05-31,PLNidgTuwwCkeqsoJaSDG-CKTvshOHnAtl,https://www.youtube.com/playlist?list=PLNidgTuwwCkeqsoJaSDG-CKTvshOHnAtl,3Wr-hHNt-dI,https://www.youtube.com/watch?v=3Wr-hHNt-dI,Jonathan,Owen,Cameron,"",Dragon Roost Island,The Legend of Zelda,The Legend of Zelda: The Wind Waker,"",""
IMG_7792.MOV,Zelda smth?,6:36,396.4,417.2,1920 x 1080,90,2026-05-31 16:07:23,2026-05-31 20:49:25+09:00,Apple iPhone 14 Pro,1L1UfybId5EQFM3bbsqfuv3Syq2m-q5au,https://drive.google.com/file/d/1L1UfybId5EQFM3bbsqfuv3Syq2m-q5au/view?usp=drivesdk,IMG_7792.m4a,"AAC (.m4a), 320 kbps target, 48 kHz stereo",15.8,13zN8EZRS7_O_SLdZz4vD79Qrq_lsmF46,https://drive.google.com/file/d/13zN8EZRS7_O_SLdZz4vD79Qrq_lsmF46/view?usp=drivesdk,yes,yes,thumbs/IMG_7792.jpg,2026-05-31-shimokitazawa-first-vgm-session,2026-05-31 Shimokitazawa First VGM Session,VGM; rehearsal; Shimokitazawa; first session; 2026-05-31,PLNidgTuwwCkeqsoJaSDG-CKTvshOHnAtl,https://www.youtube.com/playlist?list=PLNidgTuwwCkeqsoJaSDG-CKTvshOHnAtl,ImgQhguPFb4,https://www.youtube.com/watch?v=ImgQhguPFb4,Jonathan,Owen,Cameron,"",Zelda smth?,The Legend of Zelda,"","",""
IMG_7791.MOV,Mario kart circuit?,4:48,288.2,303.6,1920 x 1080,90,2026-05-31 16:07:16,2026-05-31 20:42:12+09:00,Apple iPhone 14 Pro,18D9iWiAp7jnYcu5NJsnT3CtqhRkvIlvT,https://drive.google.com/file/d/18D9iWiAp7jnYcu5NJsnT3CtqhRkvIlvT/view?usp=drivesdk,IMG_7791.m4a,"AAC (.m4a), 320 kbps target, 48 kHz stereo",11.5,1Igl0UALi0Y8lNRHTZrsQEquhPwPUICu0,https://drive.google.com/file/d/1Igl0UALi0Y8lNRHTZrsQEquhPwPUICu0/view?usp=drivesdk,yes,yes,thumbs/IMG_7791.jpg,2026-05-31-shimokitazawa-first-vgm-session,2026-05-31 Shimokitazawa First VGM Session,VGM; rehearsal; Shimokitazawa; first session; 2026-05-31,PLNidgTuwwCkeqsoJaSDG-CKTvshOHnAtl,https://www.youtube.com/playlist?list=PLNidgTuwwCkeqsoJaSDG-CKTvshOHnAtl,5osYWM8GmjU,https://www.youtube.com/watch?v=5osYWM8GmjU,Jonathan,Owen,Cameron,"",Mario Kart circuit?,Mario Kart,"","",""
IMG_7790.MOV,Mario kart Bowser?,5:38,338.0,355.3,1920 x 1080,90,2026-05-31 16:07:10,2026-05-31 20:35:56+09:00,Apple iPhone 14 Pro,1E_PEZ3804pyO46Sy4kKm7sHwH-rGlMLB,https://drive.google.com/file/d/1E_PEZ3804pyO46Sy4kKm7sHwH-rGlMLB/view?usp=drivesdk,IMG_7790.m4a,"AAC (.m4a), 320 kbps target, 48 kHz stereo",13.3,1jMtudQecokrnC0LnpSsnv-40BbkYXgwJ,https://drive.google.com/file/d/1jMtudQecokrnC0LnpSsnv-40BbkYXgwJ/view?usp=drivesdk,yes,yes,thumbs/IMG_7790.jpg,2026-05-31-shimokitazawa-first-vgm-session,2026-05-31 Shimokitazawa First VGM Session,VGM; rehearsal; Shimokitazawa; first session; 2026-05-31,PLNidgTuwwCkeqsoJaSDG-CKTvshOHnAtl,https://www.youtube.com/playlist?list=PLNidgTuwwCkeqsoJaSDG-CKTvshOHnAtl,JzfkZpWnHOk,https://www.youtube.com/watch?v=JzfkZpWnHOk,Jonathan,Owen,Cameron,"",Mario Kart Bowser?,Mario Kart,"","",""
IMG_7789.MOV,no embedded caption found,3:13,193.1,205.6,1920 x 1080,90,2026-05-31 11:32:42,2026-05-31 20:32:42+09:00,Apple iPhone 14 Pro,18tIihc1WloJy52Usfs8UZp1ltHLKdf0V,https://drive.google.com/file/d/18tIihc1WloJy52Usfs8UZp1ltHLKdf0V/view?usp=drivesdk,IMG_7789.m4a,"AAC (.m4a), 320 kbps target, 48 kHz stereo",7.1,1seP80niwYqAGk46ujdHKrvk3PPsgypui,https://drive.google.com/file/d/1seP80niwYqAGk46ujdHKrvk3PPsgypui/view?usp=drivesdk,yes,yes,thumbs/IMG_7789.jpg,2026-05-31-shimokitazawa-first-vgm-session,2026-05-31 Shimokitazawa First VGM Session,VGM; rehearsal; Shimokitazawa; first session; 2026-05-31,PLNidgTuwwCkeqsoJaSDG-CKTvshOHnAtl,https://www.youtube.com/playlist?list=PLNidgTuwwCkeqsoJaSDG-CKTvshOHnAtl,W5YqS9y6P84,https://www.youtube.com/watch?v=W5YqS9y6P84,Jonathan,Owen,Cameron,"","","","","",""
IMG_7788.MOV,Mario kart yoshi circuit?,4:45,284.9,301.0,1920 x 1080,90,2026-05-31 16:07:08,2026-05-31 20:27:56+09:00,Apple iPhone 14 Pro,1zxAQktNtVykV9b6vAA13FsG5OYONT8lP,https://drive.google.com/file/d/1zxAQktNtVykV9b6vAA13FsG5OYONT8lP/view?usp=drivesdk,IMG_7788.m4a,"AAC (.m4a), 320 kbps target, 48 kHz stereo",11.5,1OcpxwjX33hniR2xG_EncPfvu8r_2Qlvb,https://drive.google.com/file/d/1OcpxwjX33hniR2xG_EncPfvu8r_2Qlvb/view?usp=drivesdk,yes,yes,thumbs/IMG_7788.jpg,2026-05-31-shimokitazawa-first-vgm-session,2026-05-31 Shimokitazawa First VGM Session,VGM; rehearsal; Shimokitazawa; first session; 2026-05-31,PLNidgTuwwCkeqsoJaSDG-CKTvshOHnAtl,https://www.youtube.com/playlist?list=PLNidgTuwwCkeqsoJaSDG-CKTvshOHnAtl,DMjwvJDBRKg,https://www.youtube.com/watch?v=DMjwvJDBRKg,Jonathan,Owen,Cameron,"",Yoshi Circuit,Mario Kart,Mario Kart: Double Dash!!,"",""
IMG_7787.MOV,no embedded caption found,4:30,270.3,285.4,1920 x 1080,90,2026-05-31 11:22:03,2026-05-31 20:22:03+09:00,Apple iPhone 14 Pro,1rCzW0Ir1RIlvwKep147lQp159DWz637y,https://drive.google.com/file/d/1rCzW0Ir1RIlvwKep147lQp159DWz637y/view?usp=drivesdk,IMG_7787.m4a,"AAC (.m4a), 320 kbps target, 48 kHz stereo",11.0,1xrcBuD_ReJQzt5bgP1EUBYET0iJOdC_N,https://drive.google.com/file/d/1xrcBuD_ReJQzt5bgP1EUBYET0iJOdC_N/view?usp=drivesdk,yes,yes,thumbs/IMG_7787.jpg,2026-05-31-shimokitazawa-first-vgm-session,2026-05-31 Shimokitazawa First VGM Session,VGM; rehearsal; Shimokitazawa; first session; 2026-05-31,PLNidgTuwwCkeqsoJaSDG-CKTvshOHnAtl,https://www.youtube.com/playlist?list=PLNidgTuwwCkeqsoJaSDG-CKTvshOHnAtl,77QGwV7sxBs,https://www.youtube.com/watch?v=77QGwV7sxBs,Jonathan,Owen,Cameron,"","","","","",""
IMG_5934 Persona The Dya when my mother was there.MOV,When Mother Was There,6:17,377.3,501.0,1920 x 1080,0,2026-07-26 19:35:32,2026-07-26 19:35:32+09:00,Apple iPhone 17,1keMhjk3hqEZSDyQm4VSTrwo_KlKQ3h13,https://drive.google.com/file/d/1keMhjk3hqEZSDyQm4VSTrwo_KlKQ3h13/view?usp=drivesdk,IMG_5934.m4a,"AAC (.m4a), source stream copy, 48 kHz stereo",10.5,13tAIZGNlwIgoEGTZ1Yjs2n5domJWa3Fu,https://drive.google.com/file/d/13tAIZGNlwIgoEGTZ1Yjs2n5domJWa3Fu/view?usp=drivesdk,yes,yes,thumbs/IMG_5934.jpg,2026-07-26-shimokitazawa-vgm-session,2026-07-26 Shimokitazawa VGM Session,VGM; rehearsal; Shimokitazawa; second session; 2026-07-26,PLAuOdp08sXI4,https://www.youtube.com/playlist?list=PLAuOdp08sXI4,YCrkBEbOCII,https://www.youtube.com/watch?v=YCrkBEbOCII,Jonathan,Owen,Cameron,Dan,When Mother Was There,Persona,Persona 5,"",""
IMG_5936 xenoblade You will know our names_1.MOV,You Will Know Our Names - Take 1,1:50,109.7,144.4,1920 x 1080,0,2026-07-26 19:43:35,2026-07-26 19:43:35+09:00,Apple iPhone 17,1itjDz3KKP_fFEnyaHvBw0gjVYnY74Ek0,https://drive.google.com/file/d/1itjDz3KKP_fFEnyaHvBw0gjVYnY74Ek0/view?usp=drivesdk,IMG_5936.m4a,"AAC (.m4a), source stream copy, 48 kHz stereo",3.1,106UUbKhAg75nO6eSLeVZEGGvXbbwcP49,https://drive.google.com/file/d/106UUbKhAg75nO6eSLeVZEGGvXbbwcP49/view?usp=drivesdk,yes,yes,thumbs/IMG_5936.jpg,2026-07-26-shimokitazawa-vgm-session,2026-07-26 Shimokitazawa VGM Session,VGM; rehearsal; Shimokitazawa; second session; 2026-07-26,PLAuOdp08sXI4,https://www.youtube.com/playlist?list=PLAuOdp08sXI4,cjCZhgNsxSQ,https://www.youtube.com/watch?v=cjCZhgNsxSQ,Jonathan,Owen,Cameron,Dan,You Will Know Our Names,Xenoblade Chronicles,Xenoblade Chronicles,"",""
IMG_5937 xenoblade You will know our names_2.MOV,You Will Know Our Names - Take 2,4:47,287.4,399.2,1920 x 1080,0,2026-07-26 19:46:44,2026-07-26 19:46:44+09:00,Apple iPhone 17,1-dCqHrzNKRjEJj0wIS0QTP37O6CihxvU,https://drive.google.com/file/d/1-dCqHrzNKRjEJj0wIS0QTP37O6CihxvU/view?usp=drivesdk,IMG_5937.m4a,"AAC (.m4a), source stream copy, 48 kHz stereo",7.9,1z8FSx82YcYy2XscoKSG6RYWHNzQgRnVe,https://drive.google.com/file/d/1z8FSx82YcYy2XscoKSG6RYWHNzQgRnVe/view?usp=drivesdk,yes,yes,thumbs/IMG_5937.jpg,2026-07-26-shimokitazawa-vgm-session,2026-07-26 Shimokitazawa VGM Session,VGM; rehearsal; Shimokitazawa; second session; 2026-07-26,PLAuOdp08sXI4,https://www.youtube.com/playlist?list=PLAuOdp08sXI4,r6s5VZiecxY,https://www.youtube.com/watch?v=r6s5VZiecxY,Jonathan,Owen,Cameron,Dan,You Will Know Our Names,Xenoblade Chronicles,Xenoblade Chronicles,"",""
IMG_5939 kirby metaknight.MOV,Meta Knight's Revenge,3:51,230.8,360.2,1920 x 1080,0,2026-07-26 20:02:17,2026-07-26 20:02:17+09:00,Apple iPhone 17,1pyrHpgRgcAZcyz4w9oK3VHlq4Dwu4gt5,https://drive.google.com/file/d/1pyrHpgRgcAZcyz4w9oK3VHlq4Dwu4gt5/view?usp=drivesdk,IMG_5939.m4a,"AAC (.m4a), source stream copy, 48 kHz stereo",6.3,1EBj7mrOy3rDff-0QSAavE-pc39AWH7nx,https://drive.google.com/file/d/1EBj7mrOy3rDff-0QSAavE-pc39AWH7nx/view?usp=drivesdk,yes,yes,thumbs/IMG_5939.jpg,2026-07-26-shimokitazawa-vgm-session,2026-07-26 Shimokitazawa VGM Session,VGM; rehearsal; Shimokitazawa; second session; 2026-07-26,PLAuOdp08sXI4,https://www.youtube.com/playlist?list=PLAuOdp08sXI4,wXAXRfcK9VY,https://www.youtube.com/watch?v=wXAXRfcK9VY,Jonathan,Owen,Cameron,Dan,Meta Knight's Revenge,Kirby,Kirby Super Star,"",""
IMG_5940 SM64 dire dire docks.MOV,"Dire, Dire Docks",13:03,783.3,1091.9,1920 x 1080,0,2026-07-26 20:10:34,2026-07-26 20:10:34+09:00,Apple iPhone 17,1Gc8CFQEXe_AIhfRtmGWs8JMdf7k6Bn2K,https://drive.google.com/file/d/1Gc8CFQEXe_AIhfRtmGWs8JMdf7k6Bn2K/view?usp=drivesdk,IMG_5940.m4a,"AAC (.m4a), source stream copy, 48 kHz stereo",21.6,1iZuvqIgxcDtDzO9ah9KC2hCJYYOUHXto,https://drive.google.com/file/d/1iZuvqIgxcDtDzO9ah9KC2hCJYYOUHXto/view?usp=drivesdk,yes,yes,thumbs/IMG_5940.jpg,2026-07-26-shimokitazawa-vgm-session,2026-07-26 Shimokitazawa VGM Session,VGM; rehearsal; Shimokitazawa; second session; 2026-07-26,PLAuOdp08sXI4,https://www.youtube.com/playlist?list=PLAuOdp08sXI4,yWcOrZ_29V8,https://www.youtube.com/watch?v=yWcOrZ_29V8,Jonathan,Owen,Cameron,Dan,"Dire, Dire Docks",Super Mario,Super Mario 64,"",""
IMG_5941 Persona 5 Life Will Change.MOV,Life Will Change,7:26,446.3,645.3,1920 x 1080,0,2026-07-26 20:25:15,2026-07-26 20:25:15+09:00,Apple iPhone 17,1oAqT3plHltecjIsHJxB446acE17aKHRD,https://drive.google.com/file/d/1oAqT3plHltecjIsHJxB446acE17aKHRD/view?usp=drivesdk,IMG_5941.m4a,"AAC (.m4a), source stream copy, 48 kHz stereo",12.3,1nRhhOmS--t_TCueEJexkQUmAOKd_28uW,https://drive.google.com/file/d/1nRhhOmS--t_TCueEJexkQUmAOKd_28uW/view?usp=drivesdk,yes,yes,thumbs/IMG_5941.jpg,2026-07-26-shimokitazawa-vgm-session,2026-07-26 Shimokitazawa VGM Session,VGM; rehearsal; Shimokitazawa; second session; 2026-07-26,PLAuOdp08sXI4,https://www.youtube.com/playlist?list=PLAuOdp08sXI4,It31nQSLiII,https://www.youtube.com/watch?v=It31nQSLiII,Jonathan,Owen,Cameron,Dan,Life Will Change,Persona,Persona 5,"",""
IMG_5942 MKWorld Underground Theme.MOV,Underground Theme - Mario Kart World,5:44,344.5,473.7,1920 x 1080,180,2026-07-26 20:33:43,2026-07-26 20:33:43+09:00,Apple iPhone 17,1o1PCoAbRjXaYClZ_ik35ORRmyDLGUU98,https://drive.google.com/file/d/1o1PCoAbRjXaYClZ_ik35ORRmyDLGUU98/view?usp=drivesdk,IMG_5942.m4a,"AAC (.m4a), source stream copy, 48 kHz stereo",9.5,1bULOWHJCBWOKE9C6XQitT3gX1Bc7Ye1K,https://drive.google.com/file/d/1bULOWHJCBWOKE9C6XQitT3gX1Bc7Ye1K/view?usp=drivesdk,yes,yes,thumbs/IMG_5942.jpg,2026-07-26-shimokitazawa-vgm-session,2026-07-26 Shimokitazawa VGM Session,VGM; rehearsal; Shimokitazawa; second session; 2026-07-26,PLAuOdp08sXI4,https://www.youtube.com/playlist?list=PLAuOdp08sXI4,8wSWxIuwklA,https://www.youtube.com/watch?v=8wSWxIuwklA,Jonathan,Owen,Cameron,Dan,Underground Theme,Super Mario,Mario Kart World,"",""
IMG_5943 Coconut Mall.MOV,Coconut Mall,5:32,332.4,389.4,1920 x 1080,180,2026-07-26 20:39:28,2026-07-26 20:39:28+09:00,Apple iPhone 17,1SI33Emw5uUW8eh-yMrICbtEpcxoxyz_S,https://drive.google.com/file/d/1SI33Emw5uUW8eh-yMrICbtEpcxoxyz_S/view?usp=drivesdk,IMG_5943.m4a,"AAC (.m4a), source stream copy, 48 kHz stereo",9.1,1zcfj_2OqYqhRYzMZpVmEiMwWGXRwkHGu,https://drive.google.com/file/d/1zcfj_2OqYqhRYzMZpVmEiMwWGXRwkHGu/view?usp=drivesdk,yes,yes,thumbs/IMG_5943.jpg,2026-07-26-shimokitazawa-vgm-session,2026-07-26 Shimokitazawa VGM Session,VGM; rehearsal; Shimokitazawa; second session; 2026-07-26,PLAuOdp08sXI4,https://www.youtube.com/playlist?list=PLAuOdp08sXI4,Ho1sD0bWyso,https://www.youtube.com/watch?v=Ho1sD0bWyso,Jonathan,Owen,Cameron,Dan,Coconut Mall,Mario Kart,Mario Kart Wii,"",""
IMG_5944 MKart Yoshi Circuit.MOV,Yoshi Circuit,6:42,402.5,587.6,1920 x 1080,180,2026-07-26 20:45:18,2026-07-26 20:45:18+09:00,Apple iPhone 17,1h2Y0fWCNbXXNiX31jka_r1EJEMJ5XDjJ,https://drive.google.com/file/d/1h2Y0fWCNbXXNiX31jka_r1EJEMJ5XDjJ/view?usp=drivesdk,IMG_5944.m4a,"AAC (.m4a), source stream copy, 48 kHz stereo",11.0,1H0fAC9PNKIl1vnS8eKUlKZa6ZyhrcGAy,https://drive.google.com/file/d/1H0fAC9PNKIl1vnS8eKUlKZa6ZyhrcGAy/view?usp=drivesdk,yes,yes,thumbs/IMG_5944.jpg,2026-07-26-shimokitazawa-vgm-session,2026-07-26 Shimokitazawa VGM Session,VGM; rehearsal; Shimokitazawa; second session; 2026-07-26,PLAuOdp08sXI4,https://www.youtube.com/playlist?list=PLAuOdp08sXI4,w2tGbKIFJrU,https://www.youtube.com/watch?v=w2tGbKIFJrU,Jonathan,Owen,Cameron,Dan,Yoshi Circuit,Mario Kart,Mario Kart: Double Dash!!,"",""
